{"Tortoise": [0, 0.0], "Container": [0, 0.0], "Magpie": [0, 0.0], "Sea turtle": [0, 0.0], "Football": [0, 0.0], "Ambulance": [0, 0.0], "Ladder": [0, 0.0], "Toothbrush": [0.9353416562080383, 0.4917130967622162], "Syringe": [0, 0.0], "Sink": [0.9764057993888855, 0.5128823037733111], "Toy": [0, 0.0], "Organ": [0, 0.0], "Cassette deck": [0, 0.0], "Apple": [0.9940659999847412, 0.5443055560252418], "Human eye": [0, 0.0], "Cosmetics": [0, 0.0], "Paddle": [0, 0.0], "Snowman": [0, 0.0], "Beer": [0, 0.0], "Chopsticks": [0, 0.0], "Human beard": [0, 0.0], "Bird": [0.9993374943733215, 0.6880037585878612], "Parking meter": [0.993186354637146, 0.5763454758807233], "Traffic light": [0.989170253276825, 0.487673373833375], "Croissant": [0, 0.0], "Cucumber": [0, 0.0], "Radish": [0, 0.0], "Towel": [0, 0.0], "Doll": [0, 0.0], "Skull": [0, 0.0], "Washing machine": [0, 0.0], "Glove": [0, 0.0], "Tick": [0, 0.0], "Belt": [0, 0.0], "Sunglasses": [0, 0.0], "Banjo": [0, 0.0], "Cart": [0, 0.0], "Ball": [0.983751118183136, 0.5588756991941252], "Backpack": [0.9953369498252869, 0.4772128457760783], "Bicycle": [0.9964824914932251, 0.5867939130132421], "Home appliance": [0, 0.0], "Centipede": [0, 0.0], "Boat": [0.9987381100654602, 0.5659269577399416], "Surfboard": [0.9905267953872681, 0.5333946953673929], "Boot": [0, 0.0], "Headphones": [0, 0.0], "Hot dog": [0.9935083389282227, 0.5533516525788215], "Shorts": [0, 0.0], "Fast food": [0, 0.0], "Bus": [0.9985998272895813, 0.6848793735566293], "Boy": [0, 0.0], "Screwdriver": [0, 0.0], "Bicycle wheel": [0, 0.0], "Barge": [0, 0.0], "Laptop": [0.9991664886474609, 0.6178224983357458], "Miniskirt": [0, 0.0], "Drill": [0, 0.0], "Dress": [0, 0.0], "Bear": [0.998671293258667, 0.7392168776991294], "Waffle": [0, 0.0], "Pancake": [0, 0.0], "Brown bear": [0, 0.0], "Woodpecker": [0, 0.0], "Blue jay": [0, 0.0], "Pretzel": [0, 0.0], "Bagel": [0, 0.0], "Tower": [0, 0.0], "Teapot": [0, 0.0], "Person": [0.9994275569915771, 0.6380510045726645], "Bow and arrow": [0, 0.0], "Swimwear": [0, 0.0], "Beehive": [0, 0.0], "Brassiere": [0, 0.0], "Bee": [0, 0.0], "Bat": [0, 0.0], "Starfish": [0, 0.0], "Popcorn": [0, 0.0], "Burrito": [0, 0.0], "Chainsaw": [0, 0.0], "Balloon": [0, 0.0], "Wrench": [0, 0.0], "Tent": [0, 0.0], "Vehicle registration plate": [0, 0.0], "Lantern": [0, 0.0], "Toaster": [0.9324544072151184, 0.48186720442026854], "Flashlight": [0, 0.0], "Billboard": [0, 0.0], "Tiara": [0, 0.0], "Limousine": [0, 0.0], "Necklace": [0, 0.0], "Carnivore": [0, 0.0], "Scissors": [0.997169554233551, 0.5607099953834954], "Stairs": [0, 0.0], "Keyboard": [0.9921309351921082, 0.6174639190976394], "Printer": [0, 0.0], "Traffic sign": [0, 0.0], "Chair": [0.9923847913742065, 0.5111113104937602], "Shirt": [0, 0.0], "Poster": [0, 0.0], "Cheese": [0, 0.0], "Sock": [0, 0.0], "Fire hydrant": [0.9956876635551453, 0.6225752182304859], "Land vehicle": [0, 0.0], "Earrings": [0, 0.0], "Tie": [0.9978142976760864, 0.49812590394257533], "Watercraft": [0, 0.0], "Cabinetry": [0, 0.0], "Suitcase": [0.9937373399734497, 0.5550411030784383], "Muffin": [0, 0.0], "Bidet": [0, 0.0], "Snack": [0, 0.0], "Snowmobile": [0, 0.0], "Clock": [0.9976661205291748, 0.6184723039896443], "Medical equipment": [0, 0.0], "Cattle": [0.9977060556411743, 0.6130420347503481], "Cello": [0, 0.0], "Jet ski": [0, 0.0], "Camel": [0, 0.0], "Coat": [0, 0.0], "Suit": [0, 0.0], "Desk": [0, 0.0], "Cat": [0.9995132684707642, 0.7608508801588215], "Bronze sculpture": [0, 0.0], "Juice": [0, 0.0], "Gondola": [0, 0.0], "Beetle": [0, 0.0], "Cannon": [0, 0.0], "Computer mouse": [0.9963299632072449, 0.5681909323856235], "Cookie": [0, 0.0], "Office building": [0, 0.0], "Fountain": [0, 0.0], "Coin": [0, 0.0], "Calculator": [0, 0.0], "Cocktail": [0, 0.0], "Computer monitor": [0, 0.0], "Box": [0, 0.0], "Stapler": [0, 0.0], "Christmas tree": [0, 0.0], "Cowboy hat": [0, 0.0], "Hiking equipment": [0, 0.0], "Studio couch": [0, 0.0], "Drum": [0, 0.0], "Dessert": [0, 0.0], "Wine rack": [0, 0.0], "Drink": [0, 0.0], "Zucchini": [0, 0.0], "Ladle": [0, 0.0], "Human mouth": [0, 0.0], "Dairy": [0, 0.0], "Dice": [0, 0.0], "Oven": [0.9919366836547852, 0.5598449077885421], "Dinosaur": [0, 0.0], "Ratchet": [0, 0.0], "Couch": [0.9947899580001831, 0.5601444787961668], "Cricket ball": [0, 0.0], "Winter melon": [0, 0.0], "Spatula": [0, 0.0], "Whiteboard": [0, 0.0], "Pencil sharpener": [0, 0.0], "Door": [0, 0.0], "Hat": [0, 0.0], "Shower": [0, 0.0], "Eraser": [0, 0.0], "Fedora": [0, 0.0], "Guacamole": [0, 0.0], "Dagger": [0, 0.0], "Scarf": [0, 0.0], "Dolphin": [0, 0.0], "Sombrero": [0, 0.0], "Tin can": [0, 0.0], "Mug": [0, 0.0], "Tap": [0, 0.0], "Harbor seal": [0, 0.0], "Stretcher": [0, 0.0], "Can opener": [0, 0.0], "Goggles": [0, 0.0], "Human body": [0, 0.0], "Roller skates": [0, 0.0], "Cup": [0.9973779916763306, 0.5913480206971644], "Cutting board": [0, 0.0], "Blender": [0, 0.0], "Plumbing fixture": [0, 0.0], "Stop sign": [0.999025821685791, 0.6536341705492564], "Office supplies": [0, 0.0], "Volleyball": [0, 0.0], "Vase": [0.9975098371505737, 0.5924601093598585], "Slow cooker": [0, 0.0], "Wardrobe": [0, 0.0], "Coffee": [0, 0.0], "Whisk": [0, 0.0], "Paper towel": [0, 0.0], "Personal care": [0, 0.0], "Food": [0, 0.0], "Sun hat": [0, 0.0], "Tree house": [0, 0.0], "Flying disc": [0.9939305782318115, 0.5386445001714243], "Skirt": [0, 0.0], "Gas stove": [0, 0.0], "Salt and pepper shakers": [0, 0.0], "Mechanical fan": [0, 0.0], "Face powder": [0, 0.0], "Fax": [0, 0.0], "Fruit": [0, 0.0], "French fries": [0, 0.0], "Nightstand": [0, 0.0], "Barrel": [0, 0.0], "Kite": [0.9978047013282776, 0.5673868260079254], "Tart": [0, 0.0], "Treadmill": [0, 0.0], "Fox": [0, 0.0], "Flag": [0, 0.0], "Horn": [0, 0.0], "Window blind": [0, 0.0], "Human foot": [0, 0.0], "Golf cart": [0, 0.0], "Jacket": [0, 0.0], "Egg": [0, 0.0], "Street light": [0, 0.0], "Guitar": [0, 0.0], "Pillow": [0, 0.0], "Human leg": [0, 0.0], "Isopod": [0, 0.0], "Grape": [0, 0.0], "Human ear": [0, 0.0], "Power plugs and sockets": [0, 0.0], "Panda": [0, 0.0], "Giraffe": [0.9987568855285645, 0.6848282900812862], "Woman": [0, 0.0], "Door handle": [0, 0.0], "Rhinoceros": [0, 0.0], "Bathtub": [0, 0.0], "Goldfish": [0, 0.0], "Potted Plant": [0.9952385425567627, 0.5265723971441674], "Goat": [0, 0.0], "Baseball bat": [0.9646302461624146, 0.48585941124032117], "Baseball glove": [0.974724531173706, 0.5258773746349479], "Mixing bowl": [0, 0.0], "Marine invertebrates": [0, 0.0], "Kitchen utensil": [0, 0.0], "Light switch": [0, 0.0], "House": [0, 0.0], "Horse": [0.998324453830719, 0.6908697829206707], "Stationary bicycle": [0, 0.0], "Hammer": [0, 0.0], "Ceiling fan": [0, 0.0], "Sofa bed": [0, 0.0], "Adhesive tape": [0, 0.0], "Harp": [0, 0.0], "Sandal": [0, 0.0], "Bicycle helmet": [0, 0.0], "Saucer": [0, 0.0], "Harpsichord": [0, 0.0], "Human hair": [0, 0.0], "Heater": [0, 0.0], "Harmonica": [0, 0.0], "Hamster": [0, 0.0], "Curtain": [0, 0.0], "Bed": [0.9941565990447998, 0.6004047019981011], "Kettle": [0, 0.0], "Fireplace": [0, 0.0], "Scale": [0, 0.0], "Drinking straw": [0, 0.0], "Insect": [0, 0.0], "Hair dryer": [0.6351240873336792, 0.446987960073683], "Kitchenware": [0, 0.0], "Indoor rower": [0, 0.0], "Invertebrate": [0, 0.0], "Food processor": [0, 0.0], "Bookcase": [0, 0.0], "Refrigerator": [0.9953148365020752, 0.5666319394241208], "Wood-burning stove": [0, 0.0], "Punching bag": [0, 0.0], "Common fig": [0, 0.0], "Cocktail shaker": [0, 0.0], "Jaguar": [0, 0.0], "Golf ball": [0, 0.0], "Fashion accessory": [0, 0.0], "Alarm clock": [0, 0.0], "Filing cabinet": [0, 0.0], "Artichoke": [0, 0.0], "Table": [0.9985359907150269, 0.5408416385947477], "Tableware": [0, 0.0], "Kangaroo": [0, 0.0], "Koala": [0, 0.0], "Knife": [0.9762380123138428, 0.527056603984343], "Bottle": [0.9924231767654419, 0.5245354818871782], "Bottle opener": [0, 0.0], "Lynx": [0, 0.0], "Lavender": [0, 0.0], "Lighthouse": [0, 0.0], "Dumbbell": [0, 0.0], "Human head": [0, 0.0], "Bowl": [0.9980574250221252, 0.6010392100788586], "Humidifier": [0, 0.0], "Porch": [0, 0.0],